Player,1043,1783482335
poop,381,1783482367
pee,108,1783482382
poopee,77,1783482948
f,139,1783552626
yipeees,458,1783483394
Layden,433,1783483675
Layden Blackwell,712,1783534423
fd,120,1783484306
df,108,1783484445
aefa,101,1783484457
dawedq,77,1783484519
Poops,249,1783484566
Ddd,228,1783484590
Alyssa,381,1783485279
L,248,1783485437
Al,939,1783486311
Layden Yerd?,771,1783486604
test,77,1783552569
Layden Blackwell2,555,1783556113
Tester007,969,1783556499
TheMadShitter,347,1783557289
Kyle,888,1783558743
Argh,866,1783558815
